0,0,0.434
0,0,0.432
0,0,0.433
34.3,0,0.427
3.4,9.5,0.419
1.2,2,0.739
0,0.3,0.543
6.2,0,0.488
4.2,8.2,0.503
1,2.8,0.563
0.2,1.5,0.52
0,0.6,0.501
0,0.4,0.481
0,0,0.454
3.6,0,0.424
0,1.8,0.416
5.5,0.5,0.417
2.5,1.2,0.417
0,0.5,0.456
0,0,0.409
1.2,0,0.365
0,0,0.367
0,0,0.365
0,0,0.366
0,0,0.367
3.8,0,0.35
0,0,0.324
0,0.2,0.316
3,0,0.316
0,4.9,0.326
0,0,0.333
2,0,0.334
2.8,0,0.319
0,0.8,0.319
0,0,0.319
1.8,0,0.318
3.5,1.3,0.319
1,3.1,0.319
0,0.2,0.319
0,0,0.306
0,0,0.302
2,0,0.301
0,0.9,0.302
2.3,0,0.302
1.3,0.5,0.302
2.9,0,0.302
0,2.9,0.301
0,0,0.298
0,0,0.297
0,0,0.299
0,0,0.277
0,0,0.259
0,0,0.251
0,0,0.25
8.5,0,0.244
4.3,3.8,0.233
0,1,0.325
0,0.3,0.318
0,0,0.299
0,0,0.287
0,0,0.267
0,0,0.262
0,0,0.252
0,0,0.252
4,0,0.252
22.8,0.6,0.246
13.3,10.1,0.235
15,4.4,0.584
0.3,4.5,0.674
3.5,0,0.966
0,0,0.585
1.2,0,0.521
2.9,2.6,0.436
1.4,6.8,0.424
20.5,1.6,0.417
2.7,5.9,0.451
0,1,0.877
3.4,0.5,0.753
0.2,3.4,0.897
4.5,0,0.998
10.3,3.5,0.828
9.2,2.3,0.718
0,1.3,0.716
0,0.1,0.666
0,0,0.577
0,0,0.542
0,0,0.506
44.1,0,0.484
6.9,12.3,0.582
1.3,11,0.904
0,0.5,0.842
0,0.3,0.738
3.3,0,0.686
6,5.6,0.65
0,15,0.666
8.8,0,0.665
0,4.8,0.619
0.4,0,0.552
0,0,0.52
0.5,0,0.506
1.9,0,0.542
8.2,0,0.502
8.8,2.5,0.539
1.6,3,0.717
0,1,0.694
0,0,0.594
0,0,0.536
0,0,0.516
0,0,0.502
0,0,0.483
0,0,0.481
0,0,0.44
0.3,0.3,0.433
2.2,4.5,0.42
0,2.8,0.409
190.5,0.1,0.434
25,62.5,0.526
0.3,26.3,9.826
0,3.3,3.548
0,0.1,1.963
15.3,7,1.501
2.3,0,1.246
0.8,2.5,1.862
1.4,3.3,1.4
0,1.6,1.219
0.7,0,1.067
28,0.1,0.962
0,9.5,0.891
2.3,0,1.08
0,3.2,0.851
0,0.1,0.816
0,0,0.756
0,0,0.685
60.2,0,0.598
0.8,12.2,1.517
0.4,2,1.049
28.2,2.4,0.849
7.7,8.5,0.822
48,0,1.795
57.8,0,1.507
0,1.5,1.504
0,0,2.483
0,0,1.71
0,0,1.421
0,0,1.269
0,0,1.122
0,0,1.035
0,0,0.964
0,0,0.88
0,0,0.839
0,0,0.719
30.5,0,0.717
0.5,18,1.569
76,23.9,1.106
0,75.9,1.65
1.3,0,2.444
4,0.2,1.572
2.7,3.4,1.374
0.8,38.8,1.445
1.5,27.3,1.492
4.5,8.2,1.428
0.7,16.2,1.748
0,0,2.015
0,0,1.856
0,0,1.718
0,0,1.275
89.2,0,1.153
0.5,17.5,1.297
0.3,0.7,1.141
0,0,1.072
0.8,0,1.016
0,0,0.99
22.7,0,0.878
7.9,0,0.812
36.5,11.5,0.879
16.5,3.5,0.824
10,0,0.931
20.4,0,0.818
0.4,0.2,0.753
4.8,0,0.725
12.4,0,0.709
4.4,0,0.175
0,3,0.214
0,0,0.177
0,0,0.175
0,0,0.175
0,0,0.175
0,0,0.175
0,0,0.175
0.2,0,0.186
0,0,0.185
0,0,0.18
0,0,0.175
0,0,0.146
0,0,0.136
0,0,0.136
0,0,0.136
0,0,0.136
0,0,0.136
0,0,0.136
0,0.4,0.136
0,0,0.136
0,0,0.131
58.9,0,0.117
2.2,17.8,0.234
0,0,0.575
0,0,0.407
1,0,0.315
0,0,0.273
0,0,0.256
8.7,0,0.21
0.2,3.6,0.201
0,3,0.315
6.7,0.4,0.234
79.7,4,0.238
8,2.2,0.243
0,0.3,1.116
0,0,0.415
0,0,0.325
0,0,0.293
0,0,0.263
0.2,0,0.241
0,0,0.234
0,0,0.234
43.6,0,0.225
0.2,40,0.212
4.4,3.2,0.519
0,2.5,0.344
0,0,0.439
0,0,0.366
0.5,0,0.286
0,0.1,0.241
0,0,0.238
0,0,0.21
0,0,0.194
0,0,0.194
28.9,0,0.194
0,0,0.194
0,0,0.201
0,0,0.19
0,0,0.176
0,0,0.168
0,0,0.141
0,0,0.136
0,0,0.13
0,0,0.131
0,0,0.133
0,0,0.136
0,0,0.136
0,0,0.136
0,0,0.124
0,0,0.117
0,0,0.117
2.6,0,0.107
25.5,0,0.107
8,10.5,0.11
0,14.3,0.139
0,0.1,0.14
0,0,0.107
39.2,0,0.11
22.6,8.3,0.166
61.5,12.6,0.326
75.5,67.5,0.552
21.5,15.3,1.345
2.5,8.6,2.291
87.3,2.7,1.308
5.7,13.7,1.609
24.1,9.2,2.135
65.6,2.7,1.871
5.7,67.7,1.888
6,3,5.311
0,0.1,2.881
5.8,0,1.821
20.5,0,1.292
2,5,1.279
5.2,9.5,1.079
51,5,0.993
5.5,1.5,0.969
0,0.1,1.137
0,0,1.283
2.2,0,1.018
16.6,0,0.93
1.7,0,0.748
5.5,1.6,0.696
1,4,0.657
19.2,0.2,0.624
2.2,0,0.593
0,2,0.568
2.8,0,0.528
0,0,0.487
0,0,0.464
92.4,0,0.421
0,7.2,0.987
20.1,1,0.727
7.1,18.8,0.952
18.7,3.1,0.906
32.5,0.8,0.769
32.7,2.6,0.7
0.4,0.1,0.642
1.6,0,0.585
24.8,0,0.571
0,0,0.879
2.4,1.4,0.739
2.8,3.8,0.823
29.1,0.3,0.968
5.6,0.8,0.819
39.7,0.8,0.773
0.7,11.8,1.14
95.8,0.2,2.382
25.5,6.3,5.814
0,0,4.653
0.9,0,2.769
14.7,0,2.057
35.4,13.7,1.689
16.4,0,1.44
0,0,1.335
2,0,1.217
81.4,0,1.077
20.8,8.2,1.945
25.1,9,2.263
50.7,0,2.028
21.8,2.4,2.015
28,5.5,4.186
116.6,60,6.214
3,100,11.447
12.9,2,24.28
4.2,3.7,8.539
0,1.7,4.908
0,0,3.402
0,0,2.567
12.5,0,1.936
0.5,0,1.565
4.1,7.4,1.405
4.8,5.7,1.943
35.2,0,1.892
36.8,4.4,1.662
2.4,5.6,1.872
31.5,2.3,1.957
7.2,27.7,1.961
5.9,10.8,4.086
4.3,18,4.573
0,14,3.771
0,0.5,3.04
3.1,0,2.442
0.5,0,1.971
1.8,0.4,1.752
13,0,1.581
40.3,0.1,1.444
19,0.1,1.403
22,0.2,1.246
50.2,0.1,1.24
33.4,0.7,1.283
16,10.5,1.283
0.7,21.7,1.643
0,1.7,1.501
0,0,1.268
0,0,1.088
0,0,1.028
2.9,0,0.947
34.3,4.5,0.852
0,6.5,1.428
3.3,0,1.177
1.3,0,1.035
5.3,2.1,1.431
0.2,2,0.743
0,0,0.71
0,0,0.603
0,0,0.603
0,0,0.614
5.9,4,0.617
0,0.2,0.602
3.3,0.8,0.607
0.2,0.2,0.498
0,0,0.463
0,0,0.463
0,0,0.463
0,0,0.445
12.5,1.2,0.407
1.8,0.4,0.373
0,0.1,0.493
0.2,0,0.577
0.6,0.1,0.536
0,0,0.463
0,0,0.463
0,0,0.463
3.8,0.5,0.463
1.4,0.2,0.433
3.6,2.5,0.441
3.4,6.5,0.463
1.7,2.3,0.463
0.8,1.6,0.463
0,0,0.463
0,0,0.463
0,0,0.365
0,0,0.351
0,3,0.351
6.6,0,0.463
28.5,11.5,0.439
14.4,4,0.65
2.9,1,1.3
0.2,0,1.172
0,0,1.038
0,1.7,0.967
0,21.5,0.868
16.2,0,1.097
0,0,1.359
0,0,0.904
0,0.4,0.8
1.1,1.4,0.743
2.6,1.5,0.743
1,0.5,0.673
0.7,0,0.621
0.5,0,0.6
0,0,0.603
0,0,0.561
0,0,0.506
0,0,0.519
0,0,0.465
0,0,0.463
1.1,0,0.463
0,0,0.463
0,0,0.463
0,0,0.424
0,0,0.407
8.4,9.5,0.407
9.5,4.3,0.435
0,0.4,0.676
0,0,0.616
0,0,0.485
0,0,0.463
1.1,1.5,0.463
0,0,0.463
0,0.1,0.427
0,0,0.317
1.5,3,0.346
0,0,0.337
0,0,0.349
6.5,1.4,0.335
0,0,0.337
0,0,0.341
0,0,0.319
0,0,0.252
0,0,0.312
0,0,0.25
2.5,0,0.252
14.8,0,0.235
0.4,0,0.24
0,0,0.252
0,0,0.252
0,0,0.252
0,0,0.252
0,0,0.252
2,4.5,0.252
17.9,7,0.252
2.4,6.5,0.252
2,3,0.252
7.8,8.5,0.284
4.8,2.8,0.352
0.4,0,0.351
0.7,0.6,0.351
4.3,0.2,0.351
0,0,0.351
0,0,0.225
0,0,0.189
0,0,0.182
0,0,0.182
0,0,0.163
0.1,0,0.154
0,0,0.154
0,0,0.149
0,0.6,0.126
0.1,1,0.151
0.3,1.7,0.146
0.1,5,0.126
0,0,0.126
0,0,0.126
1,0,0.139
0,0,0.126
0,0,0.126
0,0,0.126
2.5,2,0.126
0,0,0.109
0,0,0.114
0,0,0.127
0,0,0.126
0,0,0.103
0,0,0.093
0,5.6,0.093
0,0,0.093
0.2,0,0.093
0,0,0.098
0,0,0.11
0,0,0.105
0.6,0,0.098
0,0,0.098
0,0,0.098
0,0,0.098
0,0,0.098
0,0,0.094
0.5,0,0.093
0,0,0.093
0,0,0.093
0.3,3.9,0.093
0,0,0.093
0,0,0.093
1,0,0.093
24.3,0,0.093
4.5,4.2,0.093
0,0,0.093
2.6,0,0.149
0,0,0.167
0,0,0.104
1.7,2.3,0.094
0,0,0.093
0,0,0.093
0,0,0.093
0,0,0.093
0,0,0.093
0,0,0.092
0,0,0.091
0,0,0.091
35.3,0.5,0.078
28.5,0,0.298
0,0,0.138
0,0,0.096
0,0,0.11
0,0,0.098
1.8,0,0.092
0,0.1,0.091
25.5,0,0.073
22.1,0.1,0.073
0,2.5,0.077
23.1,7.5,0.098
5.2,0.7,0.107
12.4,0,0.371
0.6,0,0.247
0,0,0.141
32,0,0.104
8.8,0.5,0.084
11.5,0,0.282
2,0,0.217
0,0,0.201
0,0,0.168
26.9,0.5,0.11
0,0,0.095
70.8,8.5,0.093
0,0,0.096
15.7,0,0.111
0.3,0.1,0.096
13.5,0.1,0.123
0,0,0.097
0,0,0.274
0.2,0,0.148
21,0,0.126
52.8,4,0.119
0,0,0.121
0,0,0.148
0,0,0.126
16.6,0,0.126
20.5,2.5,0.126
25.8,23.2,0.333
0.9,1,0.748
30,0,0.666
9.8,0.6,0.299
14.5,0.5,0.221
3.2,0,0.207
0.2,0.4,1.231
1.8,0,1.568
0,4.5,0.928
4.2,24.6,0.57
56.2,0,0.954
0.8,1.4,0.921
9.2,0.7,1.15
3,0,0.754
4.9,0.3,0.551
0,0,0.463
0,0,0.463
2.6,0,0.396
13.2,15,0.351
16.5,12.3,0.351
19.5,16.7,0.545
6.6,0.2,0.623
6.2,0,0.727
64.8,0.2,0.694
42.9,1.5,0.914
2.6,0,1.251
13.1,10.1,1.235
0,0,1.072
31.2,7.9,0.933
0,0,1.065
1.5,0,1.549
119.5,3,1.179
22.6,0,2.124
0.8,0,2.623
0.7,1,1.789
40.9,60,1.45
195.5,170.5,1.385
14.5,0,109.061
9.5,2,76.105
32,0,5.636
1.2,2.5,3.517
20.3,3,2.723
48.8,0,3.886
38.3,32,7.067
43.2,41.5,7.955
13.9,18,14.944
12.9,11.5,11.012
4.5,38,7.863
3.3,0,6.574
9.5,0,4.896
5.5,0,4.255
23.3,12,3.464
8.5,8.3,3.422
6.1,9.4,4.092
16.7,3.5,3.561
52.8,20,4.266
45.9,17,5.748
60.5,3.2,9.778
38,0,9.864
83.7,15,8.106
9.5,6.2,10.827
2.5,0,17.079
0.7,0,6.173
40.5,0.9,2.755
16.2,8.6,1.048
0.2,0,0.685
0,0,0.57
0,0.5,0.706
0,0,0.449
0,0,0.401
0,0,0.387
6.8,6.8,0.375
109.8,103,0.373
6.6,2.5,1.494
1.5,0.7,7.565
0.4,0.5,1.978
5.9,13.4,1.242
25.6,5.2,0.753
0,0,0.981
0,0,0.629
0,0,0.437
5.6,0,0.397
0,0.1,0.382
4,15.5,0.375
193.5,186,0.372
8.8,11.3,3.632
0.4,1.5,28.86
0,0.1,13.327
0,0,7.834
0,0,5.426
0,0,4.063
0,0,2.838
0,0,2.384
0,0,1.959
182.6,113.6,1.926
14.2,3.7,11.331
0,0.9,30.108
83.4,31.6,14.353
0,0,13.413
0,0,17.988
0,0,11.197
0,0,8.735
15.3,0,6.742
18.5,70.6,5.155
1.3,4.2,6.479
0,0,5.755
0,0,4.761
0,0.3,4.383
0,0,3.779
51.9,3.1,3.711
0,0,3.42
0,0,3.287
22.9,3.3,2.526
0,1.3,2.547
0.5,0,2.278
0,0.3,2.188
0,0,2.076
0,0,1.796
0,0,1.634
0.2,0,1.474
0,3.2,1.515
38.5,11.5,1.442
0,0.1,2.45
0,0,2.211
0.9,6,1.824
4.2,0.1,1.586
0,0,1.626
0,0,1.476
24.5,3.5,1.439
0.5,0.4,1.525
2.2,0,1.905
1.8,0,1.515
23.9,13,1.483
18.1,9,1.473
0,2.5,3.929
8.7,1.5,4.116
0.7,0.1,3.337
0,0,2.786
7.8,11.8,2.501
109.4,77,2.469
0,0,10.24
0,3.8,11.512
0.5,0,7.201
0,0,5.186
0,0,4.182
0,0,3.513
0,0,3.038
0,0,2.497
0,0,2.321
0.5,0,1.978
0,0,1.843
82,34.1,1.796
2.2,0.2,2.468
0,0,8.149
0,0,4.203
0,0,3.675
0,0,3.293
0,0,3.11
6.4,2.5,2.592
0,0.3,2.884
0,0.6,4.645
0,0,3.928
0,0,3.247
0,0,2.795
2.6,0.4,2.561
0,0,2.469
0,0,2.088
0,0,1.852
85.1,0,1.852
23.7,21,4.164
4.2,2.3,5.994
0,0.3,5.306
0,0,4.323
0,0,3.288
0,0,2.496
0.5,0,2.293
0,0,1.89
0,0,1.84
0,0,1.717
0,1.9,1.527
9.9,0.2,1.519
2.6,1.5,1.26
0,0,1.265
3,0.1,1.077
0.5,1,1.077
0.5,0,1.038
2.3,0.7,0.956
0.7,0.3,0.943
0,0,0.943
0,0,0.907
0,0,0.853
12.6,0,0.824
0,0,0.763
1.3,0.2,0.763
2.2,0,0.763
0,0,0.904
0,0,0.759
0,0,0.714
8.2,7.2,0.637
0,1,0.629
0,0,0.691
0,0,0.673
0,0,0.673
0,0.2,0.631
4.5,0,0.615
0,0,0.583
0,0,0.626
0,0,0.603
2.4,0.1,0.539
0.4,0,0.539
17,4,0.539
31.4,10,0.539
0,0,1.112
0,0,0.662
0,0,0.629
0,0,0.629
0,0.2,0.587
0,0.1,0.539
0,0,0.539
0,0,0.539
0,0,0.539
0,0,0.501
0,0,0.494
0,0,0.494
3.5,5.7,0.46
0,0.1,0.467
0,0,0.506
0,0,0.449
0.4,0,0.449
0,0,0.449
71.5,12.7,0.422
0.4,0,1.877
0,0,3.181
0,0,0.97
9,1.3,0.74
0.1,0.5,0.738
0.9,0,0.763
0,0,0.727
6.3,0.4,0.663
0.4,0,0.626
0,0,0.629
0,0,0.617
0,0,0.606
0,0,0.595
0,0,0.584
0.4,1.9,0.54
0.7,1.1,0.515
0,0,0.494
0,0,0.508
0,0,0.539
1.3,6.4,0.539
1.1,1.3,0.539
0,0,0.539
0,0,0.539
0,0,0.502
0,0,0.494
0,0,0.489
0,0,0.514
0,0,0.452
0,0,0.457
0,0,0.449
0,0,0.449
0,0,0.449
0.3,0,0.411
0,0,0.417
0,0,0.421
0,0,0.381
0,0,0.37
0,0,0.366
0,0,0.357
304,50,0.336
13.6,8.7,7.098
0,0,9.951
0,0,3.416
0,0,2.128
0,0,1.773
2.5,2.1,1.428
0.5,0.3,1.182
0,0,1.107
0,0,1.033
0,0,0.921
0,0,0.853
0,0,0.853
0,0,0.803
0,0,0.763
22,29.8,0.739
42.5,12,0.718
0,0,1.883
0,0,1.504
0,0,1.269
0,0,1.126
0,0,0.909
0,0,0.833
0,0,0.78
0,0,0.746
0,0,0.718
0,0,0.695
0,0,0.673
0,0,0.647
0,0,0.625
0.4,0,0.686
0.2,0,0.596
0,13.8,0.577
0,0.3,0.539
7.8,4,0.539
10.2,2,0.534
6.9,2.6,0.539
0,0.5,0.539
0,5,0.539
0.2,0,0.539
0,0,0.539
0,0,0.521
0,0,0.453
3.8,0,0.449
8.6,0,0.449
25.3,0,0.423
53,1,0.417
0.5,0,0.519
0,0,0.477
0,0,0.449
0,0,0.449
16.8,8.6,0.449
5.9,0.2,0.451
0,0,0.407
0,0,0.404
35.6,6.5,0.376
8.5,5.6,0.415
152,10.3,0.556
11.2,15,2.065
30.5,15.8,1.385
43,10.6,1.027
2.5,1.5,2.105
50.8,0,1.677
36.5,11.5,1.536
0.6,1,1.275
0,2.3,1.392
1.9,0,1.123
0,0,0.958
0,0,0.872
0,0,0.842
1.7,0,0.747
26.4,0,0.696
1.7,0,0.673
5.6,3.1,0.846
61.5,1.2,0.775
8.3,0.2,0.793
9,3.4,0.812
41.3,3,0.887
21.7,2,0.894
9.1,1.5,0.743
1.3,4,0.883
1.4,12.5,1.725
9.5,4.8,1.232
11,4.3,1.325
15.1,3.1,1.383
2.7,7.9,1.71
16.4,28.3,1.679
6.1,4.9,1.595
27.2,11.4,1.547
1.5,3.2,2.435
0.3,0,2.689
14.5,0,2.01
12.4,0.5,1.782
9.2,0,1.555
10.1,0,1.516
0.2,0,1.315
0.3,0,1.302
0,0,1.141
31,15.5,1.033
5.3,0,1.198
5.2,1.8,1.077
0,0,0.95
0,0,0.943
52.8,0,0.943
56.2,0,0.97
21.6,4,1.084
0,0,1.36
0,0,1.208
0,0,0.966
15.9,4.8,0.948
0.8,5.5,0.892
42.7,2.4,0.895
14,6.3,1.951
97.6,2.6,1.459
1,12.4,2.294
15.9,5.8,1.605
14.1,0,1.372
0.6,2.9,1.532
0,0,1.392
0,0,1.2
0,0,1.068
1.5,1.4,1.033
0,3.1,0.876
0,0,0.866
2.1,0,0.853
4.8,0,0.853
9,0,0.842
0.9,3.3,0.858
0,0,0.825
25.4,0,0.739
9.5,0,0.901
8.4,1.5,1.093
2.7,0.2,0.894
35.4,0,0.767
12.4,0,0.824
8.5,0,0.749
1.1,0.1,0.852
5,0,0.934
6.5,0.5,0.772
24.5,0,0.757
27.5,5,0.748
24.2,5.7,0.924
0,0,1.251
0,0,1.413
13.5,7.8,1.175
3.3,0.1,1.148
6.8,8,1.085
33.8,19.5,1.056
46,46.4,1.27
36,6.5,2.252
0,0,3.893
16.1,0,2.971
0,0,2.442
1.4,0,2.132
0,10,1.833
16,11.5,1.517
22,22,1.462
10.5,14.5,1.485
40.3,22.6,2.53
0,2.5,2.601
0,1.5,4.331
7,25.5,3.427
42.2,16.4,2.763
18.5,14.3,3.977
22.4,16.3,5.5
89.2,63,8.33
191.6,190,14.727
1,4,34.354
0,0.5,27.519
0,3,11.944
0,1,6.157
0,0,3.737
0,0,2.538
0,0,1.926
1.2,0,1.623
0,0,1.417
0,0,1.325
0,7.5,1.137
27.9,35.2,0.969
38.6,25.8,1.321
6,0,3.675
0.5,1.7,3.837
0,1.4,2.452
1,1,1.888
13.2,0,1.546
2.6,0,1.395
0.2,0.8,1.262
70.5,89.8,1.233
41.6,29,1.299
26.4,28.8,12.638
17.2,13,7.483
1.5,0.3,7.409
0,0,6.089
0,0,4.073
2.8,0,3.099
0.3,0,2.557
0,0,2.087
2.7,2.8,1.806
16.2,16.8,1.542
10.6,7,1.288
1.1,0.3,2.596
7.2,2,2.043
19.1,6.1,1.787
3.7,3,2.053
6.9,0.1,2.262
0,0,2.278
0,0,1.727
0,0,1.423
0,0,1.315
0,0,1.183
0,0,1.222
0,0,1.114
0,0,1.107
0,0,0.959
0,0,0.897
0,0,0.828
0.7,0.1,0.782
30.2,20.7,0.735
0,0.1,1.303
0,0.8,1.113
3.5,0,1.014
0,0,0.779
1.3,0,0.718
29.7,10.5,0.718
4.2,0.5,0.979
0,2,1.123
1.9,3.2,1.068
0.9,0.5,0.916
0,0,0.882
0,0,0.834
0,0,0.796
1,4,0.763
3.5,1.9,0.748
9.1,6,0.783
0.3,0,0.683
0,0,0.673
6.1,0,0.679
0.9,0,0.651
0,0,0.644
0,0,0.672
0,0,0.663
0,0,0.579
4.6,1.8,0.539
0,0,0.539
0,0,0.539
0,0,0.539
0,0,0.539
0,0,0.533
0,0,0.449
0,0,0.449
0,0,0.408
0,0,0.404
0,0,0.404
19.7,6,0.404
6,2,0.42
0,0,0.563
0,0,0.45
0,0,0.376
0,0,0.356
0,0,0.359
4.4,2.5,0.385
1.2,1.5,0.389
0,0,0.368
6.4,0,0.34
0,0,0.331
0,0,0.831
0,0,0.726
0,0,0.766
0,0,0.766
2.7,0,0.697
3.8,0,0.699
0,0,0.699
0,0,0.699
0,0,0.699
4.3,0,0.633
0,0,0.631
3.6,4,0.628
0,0.1,0.63
15.1,0,0.699
7.5,16.5,0.695
0.8,0.3,0.792
0,0,0.906
0,0,0.885
0,0,0.716
0,0,0.665
0,0,0.657
0,0,0.622
0,0,0.575
0,0,0.564
0,0,0.564
0,0,0.482
0.7,0,0.455
4.8,2.5,0.455
16.5,7.4,0.501
1.1,0,0.855
0,0,0.852
10.5,7.2,0.699
2.9,1.5,0.714
20.2,3.6,0.81
9.6,1,0.793
0,0,1.362
0,0,1.463
0,0,1.121
0,0,0.97
0,0,0.915
1.1,0,0.818
0,0,0.748
0,0,0.699
0,0,0.699
11.5,4.8,0.699
2.2,0,0.704
0,0,0.749
0,0,0.643
22.5,23.1,0.564
7.5,2.3,0.681
76.5,98.7,1.391
38.5,5.4,1.157
0,0,4.832
0,0,3.668
0,0,2.712
0,0,2.319
0,0,1.868
16.6,58,1.631
0,0,1.777
0,0,0.99
0,0,0.761
0,0,0.659
0,0,0.621
0,0,0.575
0,0,0.543
0,0,0.449
0,0,0.449
0,0,0.449
0,0,0.447
0,0,0.423
0,0,0.407
1,0,0.393
0,0,0.379
11.3,5.5,0.379
0,0,0.378
0,0,0.385
0,0,0.337
40.2,9.6,0.331
0,0,0.324
0,0,0.484
0,0,0.379
0,0,0.339
0,0,0.293
0,0,0.265
0,0,0.253
0,3,0.253
0,1,0.253
0,0,0.253
0,0,0.253
0,0,0.219
0,0,0.21
0,0,0.21
0,0,0.21
20.5,14.2,0.204
24.3,15.7,0.201
0,0,0.883
0,0,0.468
0,0,0.328
0,0,0.273
3.1,0,0.251
0,2,0.235
2.5,2,0.238
0.9,0.5,0.242
0,0.2,0.238
0,0,0.238
0,0,0.238
0,0,0.238
53.1,22.9,0.233
7.8,5.6,0.263
0,0,0.744
0,0,0.326
0,0,0.259
0,0,0.238
0,0,0.231
0,0,0.21
0,0,0.21
0,0,0.18
0,0,0.168
0,0,0.169
0,0,0.151
0,0,0.14
0,0,0.14
0,0,0.138
0,0,0.126
0,0,0.126
0,0,0.11
0,0,0.098
0,0,0.098
0,0,0.098
0.2,0,0.093
0,0,0.095
0,0,0.098
0,0,0.098
25.8,0,0.093
17.5,6.8,0.082
68.2,67.3,0.109
10.6,18.5,0.507
1.2,3,1.027
0,3,0.632
0,0,0.355
0,0,0.3
0,0,0.266
0,0,0.236
0,0,0.245
0,0,0.177
0,0,0.168
32.8,27.7,0.143
0,47.5,0.15
11.2,6.5,0.18
0,1.5,0.766
7.2,0,0.49
0,0,0.43
0,0,0.351
2.8,0,0.309
0,0,0.309
0,0,0.294
0,0,0.261
0,0,0.345
0,0,0.218
0,0,0.21
0,0,0.21
0,0,0.21
6.9,0,0.223
3.2,0,0.196
0.2,0,0.238
9,0,0.177
8.6,0,0.161
7.1,1,0.168
32.2,5.5,0.194
32.8,0,0.228
11.5,4.2,0.265
1.3,3.8,0.382
0,0.3,0.311
0.3,0,0.227
14.5,0,0.195
24.2,6,0.174
34,0,0.36
0.3,1.7,0.303
0,14.8,0.228
0,0.1,0.21
27.8,1.2,0.21
6.9,0,0.219
75.6,6.2,0.253
0,0,0.752
0,0,0.866
0,0,0.541
0,0,0.398
0,0.8,0.36
5.1,4.7,0.337
21.7,9.5,0.34
98,6,1.091
12.3,2.8,2.052
54.5,1,2.984
0,0,2.309
2.5,0,2.341
0,0,1.575
5.8,0,1.223
10.4,0,1.253
22,0,1.195
0,0,1.192
0,0,0.937
38.7,1,0.701
28.9,0,0.975
104.5,1.6,1.017
16.4,0.1,2.249
24.9,2.1,2.876
0,0,2.103
0,0.3,1.625
0,0,1.249
0,0,1.081
46.5,0.3,0.94
24.7,0,1.316
9.5,0.1,0.858
49.8,3,0.844
6.7,7.7,1.202
2.1,1.3,1.154
0.2,1.3,1.237
4.6,0,1.09
0.5,0,1.099
0,0.9,0.96
0.7,0,0.834
5.6,0,0.708
1.2,0,0.668
8.8,0.5,0.71
1.2,0,0.936
0,0,0.845
14.6,1.2,0.763
26.5,9.3,0.728
1.7,3.2,1.62
0,0.9,1.097
0,4.8,0.985
0,0,0.902
0,0,0.85
14.4,0,0.909
0,11.9,0.909
9.2,12.9,0.697
86.5,6.5,0.742
42.2,2.5,2.487
3,0,3.221
16.3,3.6,2.924
14.2,12,1.898
1.5,0.2,1.611
6.1,0.1,1.37
19.1,1.4,1.111
30.6,32.7,1.126
11.6,18.2,1.209
2.7,6.4,2.763
9.8,11.3,1.878
17.3,6.7,2.726
24.7,20,2.951
20.3,0,3.286
4.1,10.3,3.152
6.8,32.5,3.528
6.8,0,3.581
0.3,0,3.186
2.9,12.3,2.404
21,10.6,2.11
22.5,1.5,1.711
1.2,1,1.583
14.9,10,1.733
5.7,0.5,1.506
0.7,2.2,1.42
3.7,10,1.169
48.8,37,1.288
105.2,93,1.624
94.1,100.3,8.379
121.7,118.6,19.322
56.2,56.8,25.973
2.3,2.2,25.977
0,0,19.407
13.4,5.5,9.616
20.7,0,5.629
0.01,0,3.637
0.01,0,2.517
0.01,0,1.996
0.01,0,1.79
0,0,1.386
0,0,1.095
25.9,0,0.985
0.01,0,0.895
33.4,18.5,0.737
9.4,1.5,0.689
5.8,0,0.682
0.01,0,0.609
0.01,0,0.517
0.01,0,0.505
0.01,0,0.486
69.5,1.5,0.451
221,32.1,4.307
28.8,9.5,12.143
0.01,0.8,25.992
0.5,0.6,13.49
0.01,0,6.971
0.01,0.1,4.674
13.8,1.2,3.374
17.2,19.8,2.411
3.8,3.9,2.441
2,3.2,2.549
1,0.1,1.928
0.01,0,1.74
0.01,0,1.566
33.2,4.9,1.416
3.1,4.5,1.384
0.01,0,1.412
0,0,1.275
0.01,4.6,1.092
8.5,22.5,1.01
0.5,8.5,0.966
2.7,8.5,1.074
2.2,2.8,0.978
0.01,0,0.993
3.9,0.4,0.925
8.5,27.2,0.882
0.01,0.2,1.028
0.01,0,1.289
0.01,0,1.128
0.01,0,1.053
0.01,0,0.985
25.3,4.5,0.922
0.5,5,0.972
0.2,0.1,1.136
0.01,0,0.87
0.01,4.5,0.808
11.1,0.1,0.783
0.01,3,0.761
0.01,0,0.707
54,29.7,0.692
54,1,0.846
14.6,8.6,3.865
0.3,0,2.466
0.01,0,2.406
0.01,0,2.05
0.4,0,1.661
0.2,0,1.439
5.2,1,1.217
3.2,1,1.111
2.7,0.4,1.111
0.01,0,1.019
0.01,0,0.973
0.01,0,0.898
0.01,0,0.849
1.3,0,0.809
3,0.3,0.783
0.5,0,0.737
0.01,0,0.758
0.7,0.2,0.789
0.01,0,0.683
56.4,20.5,0.666
5.9,4.5,0.6
0.01,0.3,1.343
0.01,0,0.893
8,1.8,0.809
3.5,2.5,0.76
0.01,0,0.832
0.01,0,0.781
0,0,0.758
4.5,0.6,0.712
2,1,0.707
0.01,0,0.707
2.5,1,0.686
2.8,2.5,0.682
1.3,0,0.649
0.01,0,0.631
0.01,0,0.631
11.6,0.3,0.631
0.4,18.5,0.85
1.4,5,0.704
13,3,0.54
2.9,3,0.651
0.01,0,0.796
9.6,3.5,0.655
8.3,4.3,0.615
4,3,0.922
3.5,1.5,0.965
0.01,0.2,0.94
1.6,1.2,0.912
1.6,0.1,0.895
0.01,0,0.818
12.8,16,0.77
3.5,1.5,0.721
0.01,0,0.9
0.01,0,0.748
0.01,0,0.715
0.01,0,0.715
0.01,0,0.686
0.01,0,0.61
0.01,0,0.603
0.2,0,0.598
0.01,0.1,0.513
0.01,0.4,0.498
0.01,0,0.499
0.01,0,0.51
5.8,0,0.479
13.2,9.5,0.477
0.7,4.5,0.532
4.9,10,0.608
1.4,0,0.533
0.2,0,0.511
10.9,14,0.475
0,0,0.562
0,0,0.563
0,0,0.505
0.01,0,0.458
12.2,3.6,0.449
0.8,0.6,0.502
0.3,0.1,0.446
0.01,1,0.407
0.01,1.3,0.407
0.2,8.8,0.404
14.5,2.2,0.371
1.1,12.7,0.434
11.8,3.3,0.425
2.2,0,0.453
0.01,0,0.564
0.01,0,0.561
0.01,0,0.509
0,0,0.477
5.9,1.5,0.473
1.4,0,0.449
0.01,0,0.501
0.01,0,0.477
0.01,0,0.451
0,0,0.407
0.01,0,0.392
2.7,0.4,0.353
0.1,1.2,0.363
0.01,0.5,0.365
0,0.3,0.365
0.01,0.5,0.365
0.01,0,0.354
0,5,0.351
0.01,6.5,0.335
0.01,0,0.307
0.01,0,0.295
0.4,0.1,0.295
0.01,0,0.288
0.01,0,0.267
0.01,0,0.253
8,0,0.26
0.01,0,0.266
0,0.5,0.289
0.01,8,0.253
16,13.5,0.253
4,5,0.274
0.01,0,0.46
0,0,0.348
0,0,0.287
6.2,0,0.263
0.1,1.5,0.245
0.01,2,0.304
14.4,2.5,0.263
0.01,13.8,0.229
0.5,2.5,0.445
0.01,0,0.285
0.01,1.8,0.267
0,0,0.24
0.01,3,0.246
0.8,1,0.219
0,10,0.219
0.01,0,0.236
0.1,13.5,0.21
21.5,14.2,0.205
0.8,3,0.461
2.3,1.5,0.491
2.2,0.5,0.371
8.4,10,0.337
11.7,23,0.396
3.1,5,0.782
8.6,2.3,0.748
16.3,13.5,0.659
0.7,0.2,0.818
0.01,0,0.785
6.5,0.5,0.683
0.01,0,0.569
0,0,0.552
0,0,0.491
0,0,0.449
0,0,0.407
0,0,0.365
0.01,0.3,0.357
0.5,0,0.358
0.5,0,0.31
0,0,0.295
0,0,0.295
0,0,0.242
1.4,0,0.218
1.4,0,0.18
0,0,0.246
0.01,0,0.253
0.01,0,0.245
0,0,0.232
1.3,0,0.225
0,0,0.202
0.01,0,0.2
0.01,0,0.196
0.01,0,0.196
0.5,0,0.196
0.1,0,0.2
15.3,6.2,0.21
6,0.1,0.202
10.5,0,0.196
38,0,0.182
0.01,0,0.259
0,0,0.254
0,0,0.184
0,0,0.165
0,0,0.141
0.01,0,0.14
0.01,0,0.151
26,0,0.142
7.5,0,0.137
0.01,0,0.149
0.01,0,0.161
0,0,0.152
0,0,0.14
0,0,0.127
0,0,0.118
0,0,0.128
15.6,0.1,0.157
0.01,0,0.156
0,0.3,0.177
1.8,10,0.142
0,0,0.11
0,0,0.109
0,0,0.098
4.6,0,0.104
6.5,21.5,0.117
14.6,0.5,0.14
0.1,2.5,0.287
5.6,1.5,0.259
25.8,0.5,0.267
1.5,0.7,0.317
1.1,0,0.654
22.5,7,0.307
4.3,0,0.518
38.5,0,0.734
0.01,0,0.569
37.4,0.3,0.491
17,0.6,0.486
38.6,0,0.664
0.01,0,0.953
18.4,0,1.239
0.1,22,0.803
18.3,24,0.76
0.01,0,0.714
0.4,0,0.617
42.4,0.2,0.544
2.5,0,0.649
34.8,14.2,0.574
43.5,1.5,0.505
3.2,4.7,0.993
82.2,45.5,1.323
56.6,7,2.006
60.5,0,6.819
29.5,9.5,4.894
0.4,1,4.293
0.01,0.5,3.073
2.6,0,2.543
6.5,2,1.864
28,0.5,1.611
6.2,0.2,1.436
4,1.2,1.238
47,11.3,1.181
71,17.5,1.658
60,27.2,3.185
35.3,32,5.901
38.5,47.2,7.434
14.8,13.2,8.629
10.5,13.5,7.929
4.1,6,5.224
35.5,9.8,3.968
18.1,4.7,4.381
4.9,2,5.109
24.4,3,3.76
0.4,0,3.215
0.9,0,2.672
8.1,0,2.06
9.8,1.1,1.915
11.5,7.4,1.823
32.5,10.3,1.622
18.3,13.7,2.945
20.8,0,3.516
0.5,0.7,3.44
2.5,7.4,3.522
12,5.7,3.07
48.5,3.4,2.541
6.2,0.5,2.695
11.8,15,2.753
2.7,1.1,2.726
4.6,0.1,2.596
1.1,8.8,2.286
38.4,32,2.206
0.01,2,1.797
24.8,0.1,2.019
0.01,0,1.707
9.3,0.2,1.525
22.7,16.5,1.448
83.1,29.1,1.528
0.2,0.1,4.303
7.6,2.8,2.819
3,7.9,0.622
4.3,2.8,0.456
0.01,0,0.36
0,0.1,0.282
0,4.5,0.249
30.6,7,0.199
23.5,20.6,0.144
0.01,0.1,0.316
51.5,0.9,0.365
51.6,35.2,0.356
53.5,60.8,0.403
33.7,41.2,0.72
3,7.5,1.586
6.2,2.6,1.085
0.3,0,0.669
0,0.5,0.451
0.01,2.5,0.347
34.7,0,0.242
19.2,3.5,0.173
13,5.7,0.212
25.7,14.2,0.151
26,8,0.157
20.5,42.7,0.228
182.9,183,0.232
15,11.5,4.8
0.2,1,6.631
5,0.1,5.373
0.5,0,3.541
15.9,0,3.975
15.9,5,3.352
30.5,5,3.352
17.1,29.5,3.944
27,25,4.281
76,69,3.795
4.8,4,5.498
0.01,0,6.466
0.01,0,4.216
0.01,0.5,3.048
10,10.9,2.349
3.8,2,2.079
10.2,2.8,1.897
1.5,4.5,1.559
0.01,2,1.493
0.01,0,1.326
0.01,0,1.224
0.01,0,1.195
0.01,0,1.138
0,0,1.066
27.3,3,0.966
16.9,10.5,1.047
0.01,0,1.131
0.01,0,1.553
0.01,0,1.085
0.01,0,1.015
0.01,0,0.961
0.01,0,0.916
0.01,0,0.898
0.01,0,0.87
0.01,0,0.819
0.01,0,0.784
0.01,0,0.758
0.01,0,0.72
0.01,0,0.685
149.3,198,0.673
16.4,50,1.237
0.01,0,13.832
0.01,0,7.742
0.01,0,3.886
5.7,3.3,2.483
0.01,0,2.141
0.01,0,2.067
0.01,0,1.915
0.01,0,1.567
0.01,0,1.403
0.01,0,1.429
0.01,0,1.31
0.01,0,1.146
0.01,0,0.996
0.01,0,0.973
0.2,0,0.94
0.01,0,0.92
0.01,0,0.898
0.01,0,0.858
143.5,55,0.786
146.9,52.2,0.737
0.01,1.2,16.737
0.01,0,11.252
0.01,0,5.514
0.01,0,3.138
0.01,0,2.254
0,0,1.833
0.01,0,1.637
6.1,0,1.354
0.01,3.7,1.27
0.01,0,1.033
0.01,0,0.996
5.9,16,0.959
0.01,0.7,0.911
0.01,0,0.842
0.01,0,0.751
0.01,0,0.729
1.6,0,0.729
5.5,6.5,0.678
0.01,0,0.659
4.5,3.3,0.622
0.01,0,0.598
0.01,0,0.564
0.01,0,0.545
3,0.5,0.489
2.5,0,0.486
0.01,0,0.519
0.01,0,0.489
0.01,0,0.455
0.01,0,0.442
1.1,0,0.433
0.01,0,0.433
0.01,0,0.426
0.01,0,0.417
0.01,0,0.417
0.01,0,0.406
0.01,2,0.401
14.2,3,0.401
0.2,0.7,0.407
0.01,0,0.43
0.01,0,0.417
0.01,0,0.402
0.01,0,0.387
0,0,0.385
5.1,0,0.385
2.2,0.3,0.388
0.01,0,0.415
0.01,0,0.417
0.01,0,0.402
0.01,0,0.399
0.01,0,0.385
0.01,0,0.385
0.01,0,0.376
0.01,0,0.385
31.3,14.6,0.378
9.5,5,0.409
4.7,3,0.662
0.1,0,0.544
0.01,0,0.524
0.01,0,0.524
0.01,0,0.457
0.01,0,0.414
0.01,0,0.401
5.6,0.1,0.392
0.8,0,0.392
0.01,0,0.401
0.3,0,0.39
0.01,0,0.385
5.8,1.2,0.376
0.2,0,0.369
0.2,0,0.388
0.7,0,0.392
0.01,0,0.385
0.01,0,0.385
0.01,0,0.378
6.3,1.5,0.371
10.3,2.8,0.353
0.5,0,0.359
0.9,0,0.398
0.3,0,0.391
0.01,0,0.385
4.7,2,0.385
0.01,0,0.392
7.1,0.1,0.392
1.6,0,0.375
1.4,0,0.385
3,5.5,0.383
0.5,1.5,0.37
0.01,0,0.369
0.01,0,0.383
0.01,0,0.385
0.01,0,0.37
0.01,0,0.36
0.01,0,0.353
0.01,0,0.353
0.01,0,0.353
0.01,0,0.346
0.01,0,0.337
0,0,0.337
16.1,0,0.337
0.01,0,0.337
0.01,0,0.337
0,1.5,0.337
0.01,0,0.337
0.01,0,0.32
0.01,0,0.308
0.01,0,0.308
63.3,18.5,0.308
0.01,0,0.406
0.01,0,0.948
0,0,0.444
73,51,0.384
16,2,0.581
0.01,0,2.301
0.01,0,1.445
0.01,0,1.132
31,0,0.948
0.01,0,0.814
0.01,0,0.729
0,0,0.669
0.01,0,0.604
0.01,0,0.598
0.01,0,0.588
0.01,1.3,0.523
0.01,0,0.486
0.01,0,0.486
0.01,0,0.48
0.01,0,0.449
0.01,0,0.447
0.01,1.7,0.433
0,0,0.417
2.2,0,0.417
5,0.1,0.404
0.01,0,0.417
0.01,0,0.417
2.2,2,0.109
0.01,0,0.085
4,70,0.084
1,0,0.101
0.01,0,0.281
0.01,0,0.116
0.01,0,0.084
0.01,0,0.084
0,0,0.076
35.3,15,0.066
0.01,0,0.083
0.01,0,0.279
0.01,0,0.157
13,100,0.114
70,0,0.11
0.01,0,0.373
0,0,0.823
0,0,0.438
0.01,0,0.344
0.01,0,0.281
0.01,0,0.256
0.01,0,0.25
0.01,5,0.216
0,0,0.196
0.01,3,0.184
0.01,0,0.168
30,0,0.156
0,0,0.226
0.01,10,0.22
0.01,0,0.164
162.2,25.5,0.154
10.5,6.7,0.17
0,0,5.695
0.01,0,2.338
0.01,0,1.519
0.01,0,1.153
0.01,0,0.929
0.01,0,0.795
0,0,0.758
0,0,0.758
3.5,0,0.73
5.2,0,0.645
15.2,0,0.574
1,0.5,0.496
4.3,0,0.453
0.01,0,0.473
0,0,0.43
0,0,0.393
0,0,0.391
0,0,0.341
0.01,0,0.337
0.01,0,0.337
0.01,0,0.315
0,0,0.299
0,0,0.281
0.01,0,0.266
0.01,0,0.253
0.01,0,0.223
0,4.8,0.221
12,5.4,0.223
13.2,6.8,0.207
0.01,0,0.421
0.01,0,0.316
0.01,0,0.26
21,6.8,0.224
0.01,0,0.281
0.01,0,0.47
0.01,0,0.318
0.01,0,0.224
0.01,0,0.21
24,0,0.21
0.01,0,0.198
0.8,0,0.196
0.01,0,0.203
2,0,0.206
0.01,0,0.196
0.01,0,0.196
91,0,0.222
0.01,0,0.399
0,0,0.386
5.4,14,0.237
11.3,0.5,0.228
1.5,12.5,0.241
30.8,0,0.406
7.5,10,0.357
46.4,7,0.292
82.7,57,0.505
89.6,107.7,3.61
81.2,106,3.455
30.8,39,11.255
23.8,0,9.843
27.1,24,6.188
149.3,28.2,6.989
0.8,2,11.498
7.3,0.3,8.914
36.8,4.2,5.186
0.01,0,3.938
0.4,0,3.153
0,0,2.555
72.1,25.6,1.916
22.1,0.8,3.066
11.7,0.2,2.459
24.8,21,2.603
40.7,8.4,2.748
75.9,10,3.477
78.5,10,6.486
16.3,6.5,8.99
13.3,0,7.387
0.3,0,6.014
0,0,6.108
0.01,0,4.483
0.4,0,3.551
25.1,0,2.642
1.4,1.3,2.843
0.8,0,2.051
42.8,0,1.576
0.3,0.2,1.302
15.5,0.1,1.42
2.8,0,1.204
30.3,0,1.187
22.6,26,1.081
11.9,20,2.273
22.9,25,2.203
35.1,2.5,2.679
0.9,0,3.584
0,0,3.357
29.2,4.1,2.765
0.01,1.5,2.635
0.01,0.1,2.23
0.01,0,1.732
0.01,0,1.528
0.01,0,1.28
0.9,0,1.138
0.8,0,0.982
10.3,0,0.914
79.6,0,1.043
0.01,0.1,1.235
18.6,0.4,1.564
0.01,0,1.047
0.01,0,0.997
0.4,2,1
75,54,0.869
85.2,11.5,0.91
7,16.5,5.383
13,1,5.218
17.8,0,4.691
1.3,0,3.416
20.5,2.7,2.746
10.6,5.6,2.239
60.6,0,2.12
6.5,0,2.324
0.7,5,1.81
0.5,0,1.502
0.01,1,0.883
0.01,11.5,0.787
26.2,19,0.926
15.4,44,0.873
8.8,10,0.835
0.01,0,0.809
0,0,0.87
0,0,0.914
36.5,2,0.926
49.5,10,0.926
2.8,1,0.94
1.5,0,2.175
0.01,0,1.984
21,0,1.657
2,0,1.537
0,0,1.283
2.4,0,1.071
10.3,3.6,0.936
57.4,0.8,0.918
0,0.3,1.104
34.4,6.8,1.081
0.5,3,0.954
0,0.6,1.326
0.01,0,1.028
0.01,0,0.925
0.01,0,0.829
0.01,0,0.758
0.01,0.8,0.758
98.6,10,0.835
18.3,50,1.095
23.7,20.5,3.926
0.3,3.1,4.099
2.4,1.1,4.541
3.1,0.5,2.889
0,0.5,2.269
2.3,0,1.9
4.6,0,1.627
6,20,1.273
0.2,1.5,1.147
14.5,0.1,1.284
0.01,6.5,1.164
1.8,35.5,1.117
0.01,0,1.059
0.01,0,0.989
0,0.3,0.87
0.01,0,0.87
30.3,40,0.844
4.2,1.5,0.763
0,0,1.75
0.01,0,1.018
0.01,0,0.848
0.01,0,0.758
0.01,0,0.701
0.01,0,0.675
0.01,0,0.639
0.01,0,0.617
6,8,0.645
1.2,2,0.565
0.01,0,0.664
0.01,0,0.568
0.01,0,0.534
0.01,4.5,0.541
26.1,6.1,0.518
0.9,2,0.722
0.01,0.8,0.66
0.01,0,0.509
0,0,0.477
0,0.5,0.477
31.7,8.5,0.468
2,1.8,0.555
0.01,0.5,0.862
0.01,0,0.732
0.01,0,0.575
0.01,0,0.561
0.01,0,0.532
0.01,0,0.505
91.6,0,0.477
0.2,24,2.302
0,0,4.417
0,0,2.236
0.01,0,1.687
0.2,7.2,1.442
47.8,5,1.235
0.01,30,2.501
0.2,4,2.771
40.3,14,2.089
8.2,1,1.653
0.1,0,2.576
0.01,0,2.036
0.01,0,1.644
0.01,0,1.291
0.01,0,1.155
0.01,0,1.128
0.01,0,0.979
5.4,0,0.926
7.8,0.4,0.926
1.6,0.2,0.893
0.01,0,0.89
0.2,0,0.802
1.7,0.5,0.706
3.4,1.5,0.645
0.01,0,0.645
0.01,0.1,0.62
0.01,0,0.548
0.01,0,0.505
23.7,0,0.543
42.8,22.5,0.49
0.01,1.5,0.807
0.01,0,1.077
0.01,0,0.848
0.4,0,0.678
0.2,0,0.746
1.3,0,0.707
6.2,0.1,0.603
0.5,0,0.589
0.01,0,0.589
0.01,0,0.622
0.01,0,0.583
0.01,0,0.533
0.01,0,0.505
0.01,0,0.517
109.4,39,0.504
26,15,0.496
0.9,2,5.123
0.01,0.1,3.164
1,0.3,1.948
0.01,0,1.404
0.01,0,1.208
0.01,0,1.147
0.01,0,1.097
1.3,0,0.911
0.01,0,0.842
9.2,0.5,0.733
1,0,0.732
0.9,1.5,0.77
0.4,1.5,0.771
0.01,0,0.618
0.01,0,0.619
0.01,0,0.606
0.01,0,0.606
0.01,0,0.606
0.01,0,0.593
0.01,0,0.571
0.01,0,0.525
0.01,0,0.505
70.6,0,0.453
2.2,0,0.448
0.01,0,0.897
11.2,1,0.558
11.3,14.1,0.483
0.7,1.7,0.685
0.01,0,0.686
0,0,0.598
1.6,6,0.53
0.01,0,0.513
8.8,0,0.493
33,4,0.48
0.01,1,0.724
0.3,1,0.711
3.3,5,0.609
1.1,3.5,0.625
7.4,16,0.682
16.5,7,0.69
0.9,8.3,0.937
0.01,0,0.97
0.01,1,1.059
0,0,0.936
0,0,0.863
0,0,0.783
18,2.5,0.783
4.1,1.5,0.735
0,0,0.771
0.2,0.2,0.705
0.01,0,0.606
0.01,0,0.606
11.5,0,0.593
1.6,11.7,0.584
0.01,1,0.583
0,0,0.522
0.01,0,0.492
0.01,0,0.48
0.01,0,0.482
0,0,0.555
22,9,0.553
0.01,0,0.864
0,0,1.002
0,0,0.649
0,0,0.55
0,0,0.523
34.3,0,0.527
2,9,0.539
3.5,6.5,0.98
0,0,0.815
0,0,0.7
0.7,1.5,0.613
0.01,0,0.601
0,0,0.548
0,0,0.531
0,0,0.53
0.01,0,0.53
0.01,0,0.521
0,0,0.492
0.01,0,0.443
0.01,0,0.424
0.01,0,0.472
0,0,0.465
0.01,0,0.429
0,0,0.405
0.8,2.8,0.38
1.3,2.7,0.379
0.2,2.7,0.379
1.2,1,0.427
2.6,1.8,0.419
1.4,3,0.404
0,0,0.395
0,0,0.403
0,1.8,0.371
9,0,0.344
5.8,0,0.369
23.9,12.3,0.348
0,0.1,0.466
0,0,0.398
0,0,0.364
0.01,0,0.344
0.01,0,0.348
0.01,0.2,0.361
0,0,0.337
0,0.1,0.333
63.9,40,0.305
0.2,2,1.209
0,0,0.628
54.8,0,0.475
0,5.5,0.401
0.01,0,0.482
0.01,0,0.367
0.01,0,0.354
0,0,0.327
0.01,0,0.328
0.01,0,0.304
0.01,0,0.303
0.01,0,0.303
0.01,0,0.303
0,0,0.28
0,0,0.278
0,0,0.249
0,0,0.262
0.01,0,0.252
0.01,0,0.234
0,0,0.227
0,0,0.227
2.8,0,0.24
0,0,0.287
0.2,1.5,0.255
4.5,2.5,0.227
9.8,12.5,0.227
4.4,0,0.227
0.1,0,0.321
25.9,1.7,0.279
0.01,0.2,0.252
0.01,0,0.312
0.01,0,0.303
0,0,0.267
7.8,0,0.253
0.01,0,0.292
0.01,0,0.304
0,0,0.281
0,0,0.246
15.5,0,0.18
0.2,0,0.152
0.01,0,0.152
0.55,0,0.208
0.01,0,0.201
0.01,0,0.177
0,0,0.196
10.9,0.1,0.227
0.7,0,0.227
0,0,0.238
0,0,0.205
0,1,0.156
0.1,1,0.176
3.4,20,0.232
0.01,0,0.253
0.01,0,0.218
11.6,0,0.177
70.2,3,0.198
0.1,0,0.514
40.4,0,0.457
21.5,0,0.325
113.6,28,0.523
21.4,50,1.274
5.4,0,2.929
10.8,10,2.2
19.8,13.5,1.245
32.8,32.5,1.058
10.2,0,1.193
0.01,7,1.767
0,0,1.391
73.8,23,1.118
0,0,5.995
8.6,0,4.542
42.1,11.5,2.025
0.01,0,1.665
4.1,15,1.343
10.2,5,1.621
13.1,0,1.82
10.2,0.1,1.547
5.1,0,1.622
7.2,1,1.5
14,0,1.413
43,0,1.264
26.5,5.7,1.781
5.4,1,2.159
0,0,3.269
25.8,2.5,2.04
5.6,4.5,1.913
16.9,10,1.706
48,20.1,1.633
3.4,10,2.396
0.1,0.5,3.035
5.9,3.5,2.243
6,5.3,2.047
35.4,2.5,1.988
25,0,1.777
22,3,1.744
37.4,1,1.786
10.2,0,1.826
89.8,4.2,1.817
0.2,0,2.012
20.2,0,2.027
17.2,4.3,1.77
20,13,2.146
36.8,0,2.593
0.2,0,2.489
2.4,0,1.757
0.3,0,1.635
0.01,0,1.544
1.8,0,1.296
8.6,0,1.186
21.7,0,1.11
0.6,0,1.144
0.01,0,1.162
7.2,28,1.08
175.8,204,1.006
87,2,6.982
28.7,10,13.869
15.7,14,7.577
20.7,18,6.496
0.4,0.8,4.581
0.01,0,3.761
9.3,33,3.123
33,3.5,2.519
1.2,36,3.819
0,4.5,3.922
48.1,45,3.533
2.7,4.4,2.562
23.7,2.7,2.783
44.6,4.3,2.344
20.5,0,2.2
1.5,0,2.245
14.8,5.5,2.389
13,4.5,2.189
0.2,0,2.3
0,0,2.24
0,0,1.693
32.4,0,1.525
0.01,1,1.461
5.5,0,1.591
0.01,0,1.465
0.01,0,1.255
0.01,0,1.162
0.01,0,1.107
6.5,1,0.97
20,0,0.934
27.2,11,1.253
5.4,1,1.499
38.9,9.5,1.487
5.4,1,1.487
1.8,0,1.94
15.2,3,1.546
7.9,0,1.335
6.6,0,1.43
0,0.5,1.379
15.2,0.2,1.221
5.8,5,1.145
1.3,0.1,1.136
0,0,1.291
19,5.5,1.172
107.4,62,1.154
34.4,5.5,2.726
9.4,20,8.324
5.4,35,7.854
12.1,2,5.102
0.01,0,3.519
0.01,0,3.041
3.2,7.8,2.615
0.01,0,2.283
0,0,1.668
0,0,1.517
0,0,1.456
0,0,1.288
0.01,0,1.148
16.8,20,1.111
4.2,14.5,1.076
0.01,0,1.218
2.3,0,1.091
35.7,4,0.956
8.7,0,0.93
0.3,3,0.999
0.01,0,0.957
0.01,0,0.882
0.01,0,0.84
0.01,0,0.783
0.01,0,0.783
37.5,0,0.743
0.01,0,0.701
8.7,6.5,0.732
0.01,0,0.732
3.3,0.1,0.686
0.01,0.1,0.65
0.01,0,0.678
2.2,0,0.65
12.7,1.5,0.622
4.8,7,0.631
0.5,3.8,0.751
0.2,0,0.711
0,0,0.663
0.01,0,0.631
0.01,0,0.606
0.5,0,0.606
7.1,5.3,0.584
0.5,1.7,0.581
0.01,0.1,0.534
11.2,0.1,0.53
0.01,0,0.527
0.01,0,0.528
0.01,0,0.53
0.01,1,0.508
54.6,40,0.505
2.3,6.5,0.677
4.3,8,1.031
2.5,1.6,0.794
20.2,5,0.916
13.4,8,0.896
0.4,20,1.348
0.01,0,1.882
0.01,0,1.531
0,2.3,1.14
0.01,0,1.071
4.5,0,0.943
11,3.3,0.903
0.01,0,0.92
0.01,0,0.888
6.5,0.1,0.776
0.7,0,0.711
0.01,0,0.682
0.01,0,0.682
0.01,0,0.652
0.01,0,0.631
0.01,0,0.631
0.01,0,0.631
10.1,2.7,0.628
0.01,0,0.597
0.01,0,0.56
0.01,0,0.53
0.01,0,0.521
10.8,0,0.505
0.1,0,0.505
1.5,4.7,0.55
0.01,1,0.54
0.01,0,0.505
0.01,0,0.505
0.01,0,0.496
9.5,0,0.483
0.01,0,0.48
0.01,0,0.48
32.2,29,0.48
0.01,0,2.508
0.01,0,0.988
0.01,0.9,0.715
0.01,0,0.57
7.5,0.1,0.53
12,1.5,0.549
0.01,0,0.579
4.2,0,0.574
17.6,0,0.521
0.2,2,0.547
0.01,0,0.595
20,1,0.581
1.5,2,0.602
2.7,0,0.748
1,1,0.652
0.7,2,0.671
3,2,0.696
1,4,0.701
0.01,0,0.713
0.2,0,0.701
0,0,0.652
0.01,0,0.596
0.01,0,0.589
5.1,0.5,0.589
0.2,0,0.589
1.4,0.1,0.563
3.4,0.3,0.561
0.4,0.6,0.561
0.01,0,0.512
0.01,0,0.505
0.01,0,0.505
0.01,0,0.505
7.3,1,0.489
0.01,1,0.477
0.01,0,0.503
0.01,0,0.505
0.01,0,0.481
0.01,0,0.477
0.01,0,0.477
0.01,0,0.452
4.9,0,0.449
0.2,2.7,0.416
0.6,0,0.47
0.01,0,0.477
1.5,1,0.477
0.01,0,0.503
0.01,0,0.505
0.01,0,0.407
0.01,0,0.393
0.1,0,0.393
0.01,0,0.369
0.01,0,0.365
0.01,0,0.365
0,0,0.349
6.9,2,0.337
3.4,0.5,0.337
14.5,3,0.387
20,1,0.437
0.01,0,0.449
0.01,0,0.754
0.01,0,0.568
0.01,0,0.496
0,0,0.477
0.01,0,0.42
0.2,0,0.369
0.01,0,0.365
4,0.6,0.365
0.01,0.5,0.365
0.01,0,0.391
5.7,3.6,0.377
1.3,3,0.365
0.01,0,0.393
0.01,0,0.393
0,0,0.393
6.4,0,0.393
0.3,0,0.352
0,0,0.337
0.01,0,0.337
0.01,0,0.337
3,0.5,0.337
1.6,0.9,0.337
0.01,0.1,0.337
0.01,1,0.346
0,5,0.337
1.2,1,0.337
0.01,0,0.337
0.01,0,0.337
0,0,0.337
0,0,0.313
0,0,0.309
0,0,0.283
0.01,0,0.281
0.01,0,0.281
26.8,1.5,0.257
9.9,4,0.253
9.9,4,0.564
0.01,0,0.461
0.01,0,0.574
0.01,0,0.415
0.01,0,0.393
0.01,0,0.393
0,0,0.393
0.9,3,0.365
1.2,5,0.34
4.7,9,0.337
0.01,0,0.37
0.01,3,0.426
0,0,0.393
0,0,0.369
0,0,0.324
0,0,0.309
1,0,0.283
0.1,0,0.281
0.01,0,0.281
0,0,0.281
0,0,0.281
0.01,0,0.281
0,0,0.281
0.3,6,0.257
8,2,0.253
0.01,2,0.338
0,0,0.442
0,0,0.321
0,5.3,0.295
4,1,0.281
0.01,0.3,0.265
0.01,0,0.267
0.01,0,0.281
0.01,0,0.281
0.01,0,0.281
0,0,0.257
0.01,0,0.253
146.8,34.1,0.257
20.2,0,3.556
0.01,0,2.941
0.01,0,0.896
0,0,0.558
0.01,0,0.529
0,0,0.543
0.01,0,0.479
0.01,0,0.433
6.4,10,0.392
73.8,15.8,0.385
31,15.5,1.21
2.7,2.6,3.23
0.1,0,2.679
0,0,1.865
0.01,0,1.305
0.01,0,1.026
0.01,0,0.762
0.01,0,0.784
0,0,0.699
2.8,0,0.648
0,0,0.606
26.8,0,0.592
0.1,0,0.774
16.4,0,0.635
15.5,0.1,0.594
0.3,0,0.662
0,0,0.637
21.5,5,0.581
0.01,0,0.54
12.1,20,0.53
0.3,2,1.463
2.5,0.5,9.844
0.01,0,6.269
0.01,0,1.631
0.01,0,0.677
0.01,0,0.366
0,0,0.485
5.4,4,0.253
17.9,7.6,0.42
0,0.3,0.53
0.01,0.1,0.575
16.4,0,0.534
0.01,0,0.508
3.7,0,0.505
0,0,0.483
26.5,0,0.488
46.2,82,0.48
146.1,168,0.524
24,15,19.703
8.8,0,8.911
38.7,0,4.882
23.5,0.1,3.745
1.4,0,3.471
0.01,0,3.189
8.8,4,2.554
0.3,0,2.175
0.6,0,1.926
0,0,1.445
0.01,0,1.445
64.2,2.8,1.231
10.3,0.2,1.355
0.01,9,1.486
64.5,15,1.353
0.4,22,1.602
16.9,23,1.912
17.5,0,1.698
28.7,0.3,1.732
5,5.3,1.738
5.1,1,1.725
9.5,0,1.545
7.8,0,1.498
37,0.5,1.458
24.6,0.5,1.408
17.3,0,1.404
8.8,1,1.166
11.2,1.5,1.153
29.7,0,1.181
49.3,4,1.141
0.2,0.1,1.225
5.7,0.1,1.171
2.4,0.1,1.057
10.5,3,0.998
3.3,0,1.039
0.3,0,0.989
0,0,0.904
0.01,0,0.833
29.5,0,0.767
0.01,0,0.822
13.9,6.5,0.806
36.1,5,0.742
0,0,0.893
38.2,0,0.949
4.1,0,0.85
4.1,0,0.807
0.01,0,0.832
0,0,0.79
0,0,0.758
7.8,0,0.739
34.6,0,0.72
1.7,4.6,0.773
96.8,0.2,0.74
12.7,8.5,1.086
11.5,9,1.215
4.2,1,1.057
0,0,0.964
64.7,10,0.866
22.5,9,1.069
0.3,0,1.347
18.6,0,1.529
2.6,10,1.465
5.5,11.5,1.475
22.3,2,1.559
13.8,20,1.623
188.4,200,2.005
14.3,9,2.783
9.2,0,16.774
9.5,1,9.95
0.7,0,6.697
0,0,5.061
15.2,0,3.579
7.6,6.5,3.08
20.1,5.3,2.755
6.1,9.9,2.947
75.8,7,4.544
26.9,16.8,5.204
106.3,13.5,7.688
26.2,49,17.367
0.2,20,16.63
25,20.3,10.634
75.5,17,8.373
24.1,18,11.765
121.3,156.5,11.738
196.5,140,17.814
5,18.5,61.075
2.5,3,31.342
4.6,2.5,14.812
100.5,80,10.943
44.9,21.5,9.343
11.8,35,7.739
0.01,0.1,23.385
182,94.6,13.138
1.2,0,21.103
0,0,30.388
8,35.5,15.376
7.3,15.5,10.525
15.2,16.5,8.624
0,0,6.554
0.3,0,5.542
1.3,0,4.722
0,0,4.097
0,0,3.617
0,0,3.156
0,0,2.74
0,0,2.366
0,1.5,1.998
100.4,138,1.768
65.8,36.5,1.961
0.01,0.5,21.696
0,0,11.48
0.6,0,7.87
0.01,0,5.871
0.01,0,4.801
0.9,1,3.931
15,0,3.627
0,0,2.968
0,0,2.573
0,0,2.22
0,0,1.865
62.3,19.5,1.584
6.9,0.4,3.283
0,0.1,6.301
152.3,89,4.29
14.3,15.5,10.506
0.01,1.5,19.056
9,3.5,11.024
30.5,31.2,7.815
0.7,3.5,7.579
35.3,1.7,7.249
35.3,1.9,6.737
0.01,1.4,6.832
0,0,6.665
67,23.2,5.399
86.7,54.7,4.314
0.01,0.3,11.539
0,0,9.431
0,0,7.07
6.1,2,5.827
29.3,15,4.691
0.5,3,4.632
2.4,2.6,4.897
12.4,8,4.488
15.8,15.8,4.355
183.2,163.5,4.296
67.5,49.5,8.979
0.01,0.5,37.631
0,0,18.115
0,0,11.859
0.01,0,8.869
0,0,6.789
0,0,5.355
0,0,4.517
0,0,3.982
3.5,0.5,3.45
37,11,3.074
0.01,0,3.949
0.1,0.5,3.349
5.1,2.5,2.651
2.8,1,2.487
0.01,0.5,2.75
0.1,2,2.379
0.1,0.8,2.317
0.01,0,2.139
0.01,0,1.97
0.01,0,1.744
0.01,0,1.744
0.01,0,1.683
4.5,0,1.609
0.1,0.1,1.609
0.01,0,1.609
0,0,1.5
5.4,2,1.43
0.01,0,1.35
10.4,9,1.387
0.01,0,1.354
4.6,5.7,1.43
0.01,0,1.241
0.01,0,1.489
0,0,1.217
1,0,1.19
0.01,0,1.085
0.01,0,1.078
0.01,0,0.99
21,10.3,0.912
8.5,5,1.067
1.5,3,1.801
3.5,4.7,1.373
6.5,9.2,1.435
3.4,2.5,1.589
0.1,1,1.609
0.01,0,1.519
3.5,2,1.479
1.5,0.5,1.402
0.01,0,1.362
14,16.7,0.935
0.01,2,1.141
0.01,0,1.393
7.1,3,1.223
6.3,2,1.129
0.01,1,1.318
0,0,1.298
0.01,0,1.213
0.01,0,1.151
0.01,0,1.075
0.01,0,1.001
1.2,3,0.982
1.1,4.8,0.94
0,1,0.889
0,0,0.86
0.01,0,0.842
0.01,0,0.798
0,0,0.771
0.01,0,0.716
0,0,0.701
0.01,0,0.656
0.01,1.5,0.654
4.8,1,0.654
0.01,0,0.654
0.01,0,0.652
0.01,0,0.608
7.4,2,0.579
0.1,0.5,0.571
0,0,0.649
0.01,0,0.627
0.01,0,0.579
0.1,0,0.561
0.2,0,0.546
0,0,0.526
2.3,1,0.526
0.2,1,0.526
0,0,0.526
0.01,0,0.526
0.01,0,0.526
0,0,0.495
0.7,0.5,0.473
0,0,0.456
0,0,0.479
0.01,0,0.471
0.01,0,0.456
0.01,0,0.456
0,0,0.425
0,0,0.421
0.01,0,0.421
0,0,0.421
6.2,1.5,0.421
0.01,0,0.412
0.01,0,0.456
0,0,0.418
0,0,0.386
23.9,3,0.386
0.3,3.8,0.53
0.01,0,0.723
0.01,0,0.488
0,0,0.454
7.6,0.7,0.403
0.2,0,0.419
0.2,0,0.472
0,1,0.411
0.01,0,0.386
0.01,0,0.386
3.8,6,0.386
0.2,0,0.386
0.01,0,0.396
10.2,4.5,0.36
0.1,0.5,0.355
0.01,0,0.479
0.2,0,0.413
12.3,10.4,0.386
0.7,0.3,0.403
0,0,0.605
3.6,2.3,0.414
8.6,3.8,0.386
0.01,0,0.419
0.01,0,0.477
0,0,0.421
1.5,0,0.393
2.6,0,0.364
0.1,1,0.386
0.01,0,0.386
0.01,0,0.386
147.5,24.2,0.351
4.3,8.2,0.832
0.01,0,3.883
0.01,0,1.361
0.01,0,0.943
0,0,0.821
9.1,0,0.68
0.1,0,0.627
0,0,0.608
14.5,8.6,0.58
2.8,0,0.526
0.01,0,0.894
0.01,0,0.564
0.01,0,0.513
0.01,0,0.491
0,0,0.468
40.3,27,0.448
1.8,1,0.413
0.7,9,1.344
0.01,0,0.843
13.8,7.5,0.7
5.6,0.5,0.728
0,0,0.8
0,0,0.633
2.3,0,0.561
0.01,0.5,0.602
0,0,0.608
0,2,0.569
0.1,1.5,0.526
0,0.5,0.485
0,0,0.456
0,0,0.456
14.2,0,0.456
10.6,18.5,0.449
6.8,10.5,0.501
0.2,0.6,0.568
0.01,0.1,0.59
0,0,0.528
0,0,0.497
0,0,0.429
0,0,0.421
0.01,0,0.432
0.01,0,0.403
0,1,0.386
0,0,0.386
104.7,100,0.404
21.6,19,0.957
0.3,12.5,10.225
0.01,0,3.765
0.01,0,2.519
0,0,1.867
0,0,1.546
0,0,1.383
0.1,0,1.193
26.9,0,1.081
21.1,10.5,0.985
22,0,1.187
0.01,0,1.098
5.9,0,0.906
0,0,0.942
0,0,0.896
0,0,0.865
5,2,0.842
0.01,2.2,0.772
41.4,4,0.701
0.2,0,0.836
15.8,23,0.981
9.1,14.3,0.876
48.3,60,1.047
83.3,44,1.441
0.2,1.7,13.197
0,1,11.826
0.01,0,4.932
43.2,0.1,3.26
20.4,0,3.074
0.01,0,2.63
2,0,2.067
0.01,0,1.65
0.01,0,1.448
6.1,0,1.3
5.7,0,1.263
0.9,0,1.326
14.9,0,1.218
5.2,0,1.145
28.5,10.4,1.419
0.01,0,1.36
35.8,2.8,1.244
24.9,24.5,1.293
2.7,2,1.573
0.1,16,1.754
4.7,4.5,1.471
0.01,0,1.462
43.9,13.5,1.397
8.5,6.5,1.269
1.9,5,1.436
96.3,40.5,1.405
7.4,4.2,6.519
66,32.9,6.057
10.1,0.5,8.444
37,2.4,14.033
7.9,2.2,9.94
0.2,0.1,5.39
9.1,4.5,3.346
0.01,1.5,2.782
7.7,0,2.374
5,1,1.985
10.2,0,1.964
0.2,0,1.82
3.4,9,1.511
0,2.3,1.459
0.2,5.8,1.636
0.01,0.1,1.336
7.5,0,1.156
0.01,0,1.098
3.2,0,1.053
17.1,0,0.97
21.8,4.8,0.986
0.2,0,1.05
12.6,0,0.986
0.8,0,0.9
27.2,0,0.857
13.5,0,0.827
58.1,8.9,1.097
0.8,0,2.406
0.01,0,2.167
0.01,0.5,1.236
5.6,0,1.015
6.8,0,0.95
0.01,1,0.932
35.8,4.5,0.874
2,7,1.436
1.4,8.7,1.133
0,9.4,0.965
7.9,0,0.911
31.2,0,0.87
14.7,11,1.008
63.4,38.5,1.098
2.5,1,2.066
4.1,5.1,7.529
2.8,0,2.52
0.9,0,1.852
0,0,1.585
6.8,12.2,1.482
0,0,1.344
0,0,1.217
56.3,0,1.133
10.1,0,1.256
24.1,3.1,1.103
22.4,0,1.372
44.6,0,1.192
0.01,0,1.364
0.01,0,1.301
0.01,0,1.142
14,0,1.053
24.8,0,1.004
32.1,11.2,0.982
0.01,1,1.09
16.9,15.8,1.043
1.2,5.8,0.906
27.3,4.5,0.953
0.01,0,0.982
27.4,0,0.961
36.5,10.7,1.003
14.7,5.6,1.074
3.2,1,1.503
18.4,8,1.368
21.1,6.7,1.809
32.7,1,2.796
18.9,2.6,2.372
25.8,4.2,1.942
33.4,7.1,1.575
6.4,9.5,2.444
0,0,2.463
0,0,2.058
0,0,1.957
39.3,1,1.68
1.7,5,1.684
40.8,12.5,1.669
93,22,2.391
1.5,11.3,2.684
11.8,2.5,7.729
3.1,0,4.628
30.8,14.8,3.646
73.7,60,3.383
15.6,13.5,5.322
1.2,1.3,14.25
0,0.5,8.927
6.2,0,5.728
34.2,9.2,4.377
67,12.3,4.448
0.01,1.3,5.575
0.01,4,9.354
1.4,0,5.519
15.7,0,3.626
0.01,0,2.876
0.01,0,2.491
0,0,2.262
0.2,0,1.976
38.5,18,1.725
39.7,39.1,1.517
0.01,0,4.703
0.01,0,2.996
0.01,0.4,2.365
31.3,20.7,2.07
110.9,120,2.348
60.9,60.1,8.411
31.4,105.5,26.924
18.9,21.6,18.189
58.6,38,14.725
1.7,5.5,12.914
0,0,14.646
0.01,0,7.078
0.01,0,4.102
0.01,0,3.508
0,0,3.152
1.8,9.7,2.768
0.01,1.8,2.263
4.4,6.5,1.946
0.01,0,1.709
0,0,1.469
0,0,1.346
0,0,1.274
14.5,3.6,1.178
3.9,1,1.215
1.4,6.8,1.635
0.1,0,1.682
0.01,0,1.498
5,2.5,1.338
11,5.3,1.296
2.7,5,1.417
1.4,1,1.371
0.01,0,1.372
0.01,0.8,1.352
12.3,4.5,1.286
0.01,1.5,1.599
0.2,0.5,1.79
0.1,1.4,1.434
0.01,0,1.351
0.01,0,1.305
0.01,0,1.167
5.1,2.5,1.102
4.7,4.1,0.997
0.01,0,1.035
0.01,0,0.996
1.2,0.5,0.835
0.01,0,0.831
0.01,0,0.835
1.9,7,0.826
1,0,0.784
6.4,0,0.889
0.01,0,0.801
0.01,0,0.783
27.8,5.2,0.777
0.1,0,0.943
0.1,0.2,1.1
9.3,3,0.842
7.4,0.7,0.838
0.01,0.1,1
9.1,1.5,0.942
0.01,0,0.842
0.01,0,0.854
0,0,0.777
4.1,0,0.748
0.01,0,0.748
0,0,0.748
0.1,0,0.725
1.3,0.5,0.701
0,0,0.701
0,0,0.691
24.4,20,0.628
12.3,10.5,0.608
0.1,0,1.496
0.01,0,1.081
0.01,0,0.859
3.5,0.5,0.798
0.01,0,0.795
0.01,0,0.707
